Class,Precision,Recall,F1-Score,Accuracy,Support,TP,FP,FN,TN
Navigation,0.0,0.0,0.0,1.0,0,0,0,0,3757
Propulsion/Control,0.235078,0.254473,0.244391,0.578653,1006,256,833,750,1918
Nominal,0.718891,0.697201,0.70788,0.578653,2751,1918,750,833,256
MACRO_AVERAGE,0.476984,0.475837,0.476136,0.578653,3757,2174,1583,1583,5931
